arm,step_batch,step_train_loss,self_pre_loss,self_post_loss,self_delta,other_count,other_improved,other_hurt,other_unchanged,mean_other_delta,median_other_delta,sum_other_delta,worst_other_delta,worst_other_batch,best_other_delta,best_other_batch,net_delta_all_batches
memorization_02_t_one_oversample,0,0.7277950644,0.7277191877,0.7272568345,0.0004623532295,33,21,12,0,0.0001279261302,2.554059029e-05,0.004221562296,-0.0004980564117,22,0.001277625561,16,0.004683915526
memorization_02_t_one_oversample,1,0.3932031691,0.3931538165,0.3920817673,0.001072049141,33,19,14,0,9.847974235e-05,4.175305367e-05,0.003249831498,-0.000403046608,22,0.0009549260139,8,0.004321880639
memorization_02_t_one_oversample,2,0.3178073168,0.317792803,0.3166275024,0.001165300608,33,19,14,0,8.762921348e-05,7.291138172e-05,0.002891764045,-0.0005695223808,13,0.0009233951569,8,0.004057064652
memorization_02_t_one_oversample,3,0.505889833,0.5058817863,0.5056326985,0.0002490878105,33,21,12,0,9.107533278e-05,3.033876419e-05,0.003005485982,-0.0004880428314,22,0.0009739398956,16,0.003254573792
memorization_02_t_one_oversample,4,0.5716530085,0.5716806054,0.5708240271,0.0008565783501,33,18,15,0,8.003831361e-05,6.56247139e-05,0.002641264349,-0.0005643367767,22,0.000974714756,16,0.003497842699
memorization_02_t_one_oversample,5,0.5115939379,0.5115814805,0.5111063123,0.0004751682281,33,23,10,0,0.0001200181291,3.829598427e-05,0.00396059826,-0.0004620552063,22,0.001015663147,8,0.004435766488
memorization_02_t_one_oversample,6,0.1603753716,0.1603555232,0.1600651592,0.000290364027,33,18,15,0,9.533108184e-05,3.924965858e-05,0.003145925701,-0.0004869699478,22,0.001012146473,16,0.003436289728
memorization_02_t_one_oversample,7,0.3912728429,0.3912025988,0.3909487426,0.0002538561821,33,19,14,0,9.330429814e-05,3.978610039e-05,0.003079041839,-0.0005494356155,22,0.001091599464,16,0.003332898021
memorization_02_t_one_oversample,8,0.5329774022,0.5328586102,0.5306613445,0.002197265625,33,21,12,0,0.000102869489,2.285838127e-05,0.003394693136,-0.0009068250656,22,0.001506447792,16,0.005591958761
memorization_02_t_one_oversample,9,0.4114080667,0.4113689661,0.4099911153,0.001377850771,33,20,13,0,0.0001336897187,4.923343658e-05,0.004411760718,-0.0008293390274,22,0.001503944397,8,0.005789611489
memorization_02_t_one_oversample,10,0.5338665247,0.5338000655,0.5320346951,0.001765370369,33,21,12,0,0.0001083457786,4.988908768e-05,0.003575410694,-0.0006515979767,22,0.00137680769,8,0.005340781063
memorization_02_t_one_oversample,11,0.4267889559,0.4267908037,0.4263070524,0.000483751297,33,18,15,0,0.0001039654016,3.188848495e-05,0.003430858254,-0.0005284547806,22,0.001071512699,8,0.003914609551
memorization_02_t_one_oversample,12,0.250872463,0.2510662377,0.2477499545,0.003316283226,33,21,12,0,0.0001043458328,6.56247139e-05,0.003443412483,-0.0004626512527,22,0.0008569955826,8,0.006759695709
memorization_02_t_one_oversample,13,0.4991829693,0.4991305172,0.4981186092,0.001011908054,33,15,18,0,7.564201951e-05,-2.62260437e-06,0.002496186644,-0.0001698732376,22,0.0008739829063,16,0.003508094698
memorization_02_t_one_oversample,14,0.9079357386,0.9079454541,0.907535553,0.0004099011421,33,21,12,0,8.711839716e-05,2.753734589e-05,0.002874907106,-0.0003745555878,22,0.0008317828178,8,0.003284808248
memorization_02_t_one_oversample,15,0.5316455364,0.531644702,0.530541718,0.001102983952,33,22,11,0,0.0001335575274,4.541873932e-05,0.004407398403,-0.000492811203,22,0.001153767109,8,0.005510382354
memorization_02_t_one_oversample,16,0.5452049971,0.5451871753,0.5418991446,0.003288030624,33,19,14,0,5.218996243e-05,1.436471939e-05,0.00172226876,-0.0007530450821,22,0.001282393932,8,0.005010299385
memorization_02_t_one_oversample,17,0.3526725769,0.3526231349,0.3519869149,0.0006362199783,33,18,15,0,8.749611902e-05,4.050135612e-05,0.002887371927,-0.0005270242691,22,0.000971198082,16,0.003523591906
memorization_02_t_one_oversample,18,0.4435386956,0.4435464442,0.4427861869,0.0007602572441,33,19,14,0,7.041114749e-05,3.895163536e-05,0.002323567867,-0.0005770921707,22,0.0009580850601,8,0.003083825111
memorization_02_t_one_oversample,19,0.2949493229,0.2949351966,0.2941926718,0.0007425248623,33,21,12,0,0.000112929579,4.509091377e-05,0.003726676106,-0.0005277395248,22,0.001127421856,8,0.004469200969
memorization_02_t_one_oversample,20,0.04770750925,0.04768945277,0.04742887244,0.0002605803311,33,18,15,0,9.662816019e-05,1.734495163e-05,0.003188729286,-0.0005087852478,22,0.001018404961,16,0.003449309617
memorization_02_t_one_oversample,21,0.5560171008,0.5559363365,0.5545983911,0.001337945461,33,21,12,0,0.0001117073451,5.149841309e-05,0.003686342388,-0.0004975497723,13,0.0009551644325,8,0.00502428785
memorization_02_t_one_oversample,22,1.225235939,1.225304842,1.22427845,0.001026391983,33,22,11,0,6.862865253e-05,3.454089165e-05,0.002264745533,-0.0001714229584,33,0.0004433989525,8,0.003291137516
memorization_02_t_one_oversample,23,0.3738826513,0.3738675714,0.3720185757,0.001848995686,33,19,14,0,0.0001096676922,2.065300941e-05,0.003619033843,-0.0007286071777,22,0.00146073103,8,0.005468029529
memorization_02_t_one_oversample,24,0.389459908,0.3895021975,0.3888181746,0.0006840229034,33,22,11,0,0.0001070430559,5.093216896e-05,0.003532420844,-0.0005499124527,22,0.00113338232,16,0.004216443747
memorization_02_t_one_oversample,25,0.5440885425,0.5440544486,0.5431998372,0.0008546113968,33,20,13,0,7.984403408e-05,3.510713577e-05,0.002634853125,-0.0005317926407,22,0.001029670238,16,0.003489464521
memorization_02_t_one_oversample,26,0.8356155753,0.8356609344,0.8333607912,0.002300143242,33,21,12,0,9.04722873e-05,4.118680954e-05,0.002985585481,-0.0004813671112,22,0.001102566719,8,0.005285728723
memorization_02_t_one_oversample,27,0.443768084,0.4437530935,0.4426601529,0.001092940569,33,22,11,0,0.0001267078474,5.263090134e-05,0.004181358963,-0.0004725456238,22,0.0009521842003,16,0.005274299532
memorization_02_t_one_oversample,28,0.8565867543,0.8565793633,0.8551978469,0.001381516457,33,21,12,0,0.0001263731357,4.541873932e-05,0.004170313478,-0.0005822181702,22,0.001258254051,8,0.005551829934
memorization_02_t_one_oversample,29,0.1287069619,0.1286778897,0.1280565113,0.0006213784218,33,20,13,0,0.0001088572722,4.106760025e-05,0.003592289984,-0.0004730224609,22,0.001099705696,16,0.004213668406
memorization_02_t_one_oversample,30,0.4978826046,0.4978980124,0.4971943796,0.0007036328316,33,20,12,1,9.942415989e-05,4.470348358e-05,0.003280997276,-0.0004221200943,22,0.0009467601776,8,0.003984630108
memorization_02_t_one_oversample,31,0.3533274531,0.353372097,0.3514153659,0.001956731081,33,16,17,0,9.029448935e-05,-2.473592758e-06,0.002979718149,-0.000683426857,22,0.001223444939,8,0.00493644923
memorization_02_t_one_oversample,32,0.5953556895,0.5952577591,0.5943454504,0.0009123086929,33,19,14,0,0.0001019871596,3.093481064e-05,0.003365576267,-0.0005313158035,22,0.001076877117,8,0.00427788496
memorization_02_t_one_oversample,33,0.5821714997,0.5821378231,0.5808520913,0.001285731792,33,19,14,0,9.854679758e-05,1.290440559e-05,0.00325204432,-0.0004365444183,22,0.001037180424,16,0.004537776113
